kuyu_no,metraj
4553,5
4554,5
4555,5
4556,5
4557,5
4558,5
4559,5
4560,5
4561,5
4562,5
4563,5
4564,5
4565,5
4566,5
4567,5
4568,5
4569,5
4570,5
4571,5
4572,5
4573,5
4574,5
4575,5
4576,5
4577,5
4578,5
4579,5
4580,5
4581,5
4582,5
4583,5
4584,5
4585,5
4586,5
4587,5
4588,5
4589,5
4590,5
4591,5
4592,5
4593,5
4594,5
4595,5
4596,5
4597,5
4598,5
4599,5
4600,5
4601,5
4602,5
4603,5
4604,5
4605,5
4606,5
4607,5
4608,5
4609,5
4610,5
4611,5
4612,5
4613,5
4614,5
4615,5
4616,5
4617,5
4618,5
4619,5
4620,5
4621,5
4622,5
4623,5
4624,5
4625,5
4626,5
4627,5
4628,5
4629,5
4630,5
4631,5
4632,5
4633,5
4634,5
4635,5
4636,5
4637,5
4638,5
4639,5
4640,5
4641,5
4642,5
4643,5
4644,5
4645,5
4646,5
4647,5
4648,5
4649,5
4650,5
4651,5
4652,5
4653,5
4654,5
4655,5
4656,5
4657,5
4658,5
4659,5
4660,5
4661,5
4662,5
4663,5
4664,5
4665,5
4666,5
4667,5
4668,5
4669,5
4670,5
4671,5
4672,5
4673,5
4674,5
4675,5
4676,5
4677,5
4678,5
4679,5
4680,5
4681,5
4682,5
4683,5
4684,5
4685,5
4686,5
4687,5
4688,5
4689,5
4690,5
4691,5
4692,5
4693,5
4694,5
4695,5
4696,5
4697,5
4698,5
4699,5
4700,5
4701,5
4702,5
4703,5
4704,5
4705,5
4706,5
4707,5
4708,5
4709,5
4710,5
4711,5
4712,5
4713,5
4714,5
4715,5
4716,5
4717,5
4718,5
4719,5
4720,5
4721,5
4722,5
4723,5
4724,5
4725,5
4726,5
4727,5
4728,5
4729,5
4730,5
4731,5
4732,5
4733,5
4734,5
4735,5
4736,5
4737,5
4738,5
4739,5
4740,5
4741,5
4742,5
4743,5
4744,5
4745,5
4746,5
4747,5
4748,5
4749,5
4750,5
4751,5
4752,5
4753,5
4754,5
4755,5
4756,5
4757,5
4758,5
4759,5
4760,5
4761,5
4762,5
4763,5
4764,5
4765,5
4766,5
4767,5
4768,5
4769,5
4770,5
4771,5
4772,5
4773,5
4774,5
4775,5
4776,5
4777,5
4778,5
4779,5
4780,5
4781,5
4782,5
4783,5
4784,5
4785,5
4786,5
4787,5
4788,5
4789,5
4790,5
4791,5
4792,5
4793,5
4794,5
4795,5
4796,5
4797,5
4798,5
4799,5
4800,5
4801,5
4802,5
4803,5
4804,5
4805,5
4806,5
4807,5
4808,5
4809,5
4810,5
4811,5
4812,5
4813,5
4814,5
4815,5
4816,5
4817,5
4818,5
4819,5
4820,5
4821,5
4822,5
4823,5
4824,5
4825,5
4826,5
4827,5
4828,5
4829,5
4830,5
4831,5
4832,5
4833,5
4834,5
4835,5
4836,5
4837,5
4838,5
4839,5
4840,5
4841,5
4842,5
4843,5
4844,5
4845,5
4846,5
4847,5
4848,5
4849,5
4850,5
4851,5
4852,5
4853,5
4854,5
4855,5
4856,5
4857,5
4858,5
4859,5
4860,5
4861,5
4862,5
4863,5
4864,5
4865,5
4866,5
4867,5
4868,5
4869,5
4870,5
4871,5
4872,5
4873,5
4874,5
4875,5
4876,5
4877,5
4878,5
4879,5
4880,5
4881,5
4882,5
4883,5
4884,5
4885,5
4886,5
4887,5
4888,5
4889,5
4890,5
4891,5
4892,5
4893,5
4894,5
4895,5
4896,5
4897,5
4898,5
4899,5
4900,5
4901,5
4902,5
4903,5
4904,5
4905,5
4906,5
4907,5
4908,5
4909,5
4910,5
4911,5
4912,5
4913,5
4914,5
4915,5
4916,5
4917,5
4918,5
4919,5
4920,5
4921,5
4922,5
4923,5
4924,5
4925,5
4926,5
4927,5
4928,5
4929,5
4930,5
4931,5
4932,5
4933,5
4934,5
4935,5
4936,5
4937,5
4938,5
4939,5
4940,5
4941,5
4942,5
4943,5
4944,5
4945,5
4946,5
4947,5
4948,5
4949,5
4950,5
4951,5
4952,5
4953,5
4954,5
4955,5
4956,5
4957,5
4958,5
4959,5
4960,5
4961,5
4962,5
4963,5
4964,5
4965,5
4966,5
4967,5
4968,5
4969,5
4970,5
4971,5
4972,5
4973,5
4974,5
4975,5
4976,5
4977,5
4978,5
4979,5
4980,5
4981,5
4982,5
4983,5
4984,5
4985,5
4986,5
4987,5
4988,5
4989,5
4990,5
4991,5
4992,5
4993,5
4994,5
4995,5
4996,5
4997,5
4998,5
4999,5
5000,5
5001,5
5002,5
5003,5
5004,5
5005,5
5006,5
5007,5
5008,5
5009,5
5010,5
5011,5
5012,5
5013,5
5014,5
5015,5
5016,5
5017,5
5018,5
5019,5
5020,5
5021,5
5022,5
5023,5
5024,5
5025,5
5026,5
5027,5
5028,5
5029,5
5030,5
5031,5
5032,5
5033,5
5034,5
5035,5
5036,5
5037,5
5038,5
5039,5
5040,5
5041,5
5042,5
5043,5
5044,5
5045,5
5046,5
5047,5
5048,5
5049,5
5050,5
5051,5
5052,5
5053,5
5054,5
5055,5
5056,5
5057,5
5058,5
5059,5
5060,5
5061,5
5062,5
5063,5
5064,5
5065,5
5066,5
5067,5
5068,5
5069,5
5070,5
5071,5
5072,5
5073,5
5074,5
5075,5
5076,5
5077,5
5078,5
5079,5
5080,5
5081,5
5082,5
5083,5
5084,5
5085,5
5086,5
5087,5
5088,5
5089,5
5090,5
5091,5
5092,5
5093,5
5094,5
5095,5
5096,5
5097,5
5098,5
5099,5
5100,5
5101,5
5102,5
5103,5
5104,5
5105,5
5106,5
5107,5
5108,5
5109,5
5110,5
5111,5
5112,5
5113,5
5114,5
5115,5
5116,5
5117,5
5118,5
5119,5
5120,5
5121,5
5122,5
5123,5
5124,5
5125,5
5126,5
5127,5
5128,5
5129,5
5130,5
5131,5
5132,5
5133,5
5134,5
5135,5
5136,5
5137,5
5138,5
5139,5
5140,5
5141,5
5142,5
5143,5
5144,5
5145,5
5146,5
5147,5
5148,5
5149,5
5150,5
5151,5
5152,5
5153,5
5154,5
5155,5
5156,5
5157,5
5158,5
5159,5
5160,5
5161,5
5162,5
5163,5
5164,5
5165,5
5166,5
5167,5
5168,5
5169,5
5170,5
5171,5
5172,5
5173,5
5174,5
5175,5
5176,5
5177,5
5178,5
5179,5
5180,5
5181,5
5182,5
5183,5
5184,5
5185,5
5186,5
5187,5
5188,5
5189,5
5190,5
5191,5
5192,5
5193,5
5194,5
5195,5
5196,5
5197,5
5198,5
5199,5
5200,5
5201,5
5202,5
5203,5
5204,5
5205,5
5206,5
5207,5
5208,5
5209,5
5210,5
5211,5
5212,5
5213,5
5214,5
5215,5
5216,5
5217,5
5218,5
5219,5
5220,5
5221,5
5222,5
5223,5
5224,5
5225,5
5226,5
5227,5
5228,5
5229,5
5230,5
5231,5
5232,5
5233,5
5234,5
5235,5
5236,5
5237,5
5238,5
5239,5
5240,5
5241,5
5242,5
5243,5
5244,5
5245,5
5246,5
5247,5
5248,5
5249,5
5250,5
5251,5
5252,5
5253,5
5254,5
5255,5
5256,5
5257,5
5258,5
5259,5
5260,5
5261,5
5262,5
5263,5
5264,5
5265,5
5266,5
5267,5
5268,5
5269,5
5270,5
5271,5
5272,5
5273,5
5274,5
5275,5
5276,5
5277,5
5278,5
5279,5
5280,5
5281,5
5282,5
5283,5
5284,5
5285,5
5286,5
5287,5
5288,5
5289,5
5290,5
5291,5
5292,5
5293,5
5294,5
5295,5
5296,5
5297,5
5298,5
5299,5
5300,5
5301,5
5302,5
5303,5
5304,5
5305,5
5306,5
5307,5
5308,5
5309,5
5310,5
5311,5
5312,5
5313,5
5314,5
5315,5
5316,5
5317,5
5318,5
5319,5
5320,5
5321,5
5322,5
5323,5
5324,5
5325,5
5326,5
5327,5
5328,5
5329,5
5330,5
5331,5
5332,5
5333,5
5334,5
5335,5
5336,5
5337,5
5338,5
5339,5
5340,5
5341,5
5342,5
5343,5
5344,5
5345,5
5346,5
5347,5
5348,5
5349,5
5350,5
5351,5
5352,5
5353,5
5354,5
5355,5
5356,5
5357,5
5358,5
5359,5
5360,5
5361,5
5362,5
5363,5
5364,5
5365,5
5366,5
5367,5
5368,5
5369,5
5370,5
5371,5
5372,5
5373,5
5374,5
5375,5
5376,5
5377,5
5378,5
5379,5
5380,5
5381,5
5382,5
5383,5
5384,5
5385,5
5386,5
5387,5
5388,5
5389,5
5390,5
5391,5
5392,5
5393,5
5394,5
5395,5
5396,5
5397,5
5398,5
5399,5
5400,5
5401,5
5402,5
5403,5
5404,5
5405,5
5406,5
5407,5
5408,5
5409,5
5410,5
5411,5
5412,5
5413,5
5414,5
5415,5
5416,5
5417,5
5418,5
5419,5
5420,5
5421,5
5422,5
5423,5
5424,5
5425,5
5426,5
5427,5
5428,5
5429,5
5430,5
5431,5
5432,5
5433,5
5434,5
5435,5
5436,5
5437,5
5438,5
5439,5
5440,5
5441,5
5442,5
5443,5
5444,5
5445,5
5446,5
5447,5
5448,5
5449,5
5450,5
5451,5
5452,5
5453,5
5454,5
5455,5
5456,5
5457,5
5458,5
5459,5
5460,5
5461,5
5462,5
5463,5
5464,5
5465,5
5466,5
5467,5
5468,5
5469,5
5470,5
5471,5
5472,5
5473,5
5474,5
5475,5
5476,5
5477,5
5478,5
5479,5
5480,5
5481,5
5482,5
5483,5
5484,5
5485,5
5486,5
5487,5
5488,5
5489,5
5490,5
5491,5
5492,5
5493,5
5494,5
5495,5
5496,5
5497,5
5498,5
5499,5
5500,5
5501,5
5502,5
5503,5
5504,5
5505,5
5506,5
5507,5
5508,5
5509,5
5510,5
5511,5
5512,5
5513,5
5514,5
5515,5
5516,5
5517,5
5518,5
5519,5
5520,5
5521,5
5522,5
5523,5
5524,5
5525,5
5526,5
5527,5
5528,5
5529,5
5530,5
5531,5
5532,5
5533,5
5534,5
5535,5
5536,5
5537,5
5538,5
5539,5
5540,5
5541,5
5542,5
5543,5
5544,5
5545,5
5546,5
5547,5
5548,5
5549,5
5550,5
5551,5
5552,5
5553,5
5554,5
5555,5
5556,5
5557,5
5558,5
5559,5
5560,5
5561,5
5562,5
5563,5
5564,5
5565,5
5566,5
5567,5
5568,5
5569,5
5570,5
5571,5
5572,5
5573,5
5574,5
5575,5
5576,5
5577,5
5578,5
5579,5
5580,5
5581,5
5582,5
5583,5
5584,5
5585,5
5586,5
5587,5
5588,5
5589,5
5590,5
5591,5
5592,5
5593,5
5594,5
5595,5
5596,5
5597,5
5598,5
5599,5
5600,5
5601,5
5602,5
5603,5
5604,5
5605,5
5606,5
5607,5
5608,5
5609,5
5610,5
5611,5
5612,5
5613,5
5614,5
5615,5
5616,5
5617,5
5618,5
5619,5
5620,5
5621,5
5622,5
5623,5
5624,5
5625,5
5626,5
5627,5
5628,5
5629,5
5630,5
5631,5
5632,5
5633,5
5634,5
5635,5
5636,5
5637,5
5638,5
5639,5
5640,5
5641,5
5642,5
5643,5
5644,5
5645,5
5646,5
5647,5
5648,5
5649,5
5650,5
5651,5
5652,5
5653,5
5654,5
5655,5
5656,5
5657,5
5658,5
5659,5
5660,5
5661,5
5662,5
5663,5
5664,5
5665,5
1,6
2,6
3,6
4,6
5,6
6,6
7,6
8,6
9,6
10,6
11,6
12,6
13,6
14,6
15,6
16,6
17,6
18,6
19,6
20,6
21,6
22,6
23,6
24,6
25,6
26,6
27,6
28,6
29,6
30,6
31,6
32,6
33,6
34,6
35,6
36,6
37,6
38,6
39,6
40,6
41,6
42,6
43,6
44,6
45,6
46,6
47,6
48,6
49,6
50,6
51,6
52,6
53,6
54,6
55,6
56,6
57,6
58,6
59,6
60,6
61,6
62,6
63,6
64,6
65,6
66,6
67,6
68,6
69,6
70,6
71,6
72,6
73,6
74,6
75,6
76,6
77,6
78,6
79,6
80,6
81,6
82,6
83,6
84,6
85,6
86,6
87,6
88,6
89,6
90,6
91,6
92,6
93,6
94,6
95,6
96,6
97,6
98,6
99,6
100,6
101,6
102,6
103,6
104,6
105,6
106,6
107,6
108,6
109,6
110,6
111,6
112,6
113,6
114,6
115,6
116,6
117,6
118,6
119,6
120,6
121,6
122,6
123,6
124,6
125,6
126,6
127,6
128,6
129,6
130,6
131,6
132,6
133,6
134,6
135,6
136,6
137,6
138,6
139,6
140,6
141,6
142,6
143,6
144,6
145,6
146,6
147,6
148,6
149,6
150,6
151,6
152,6
153,6
154,6
155,6
156,6
157,6
158,6
159,6
160,6
161,6
162,6
163,6
164,6
165,6
166,6
167,6
168,6
169,6
170,6
171,6
172,6
173,6
174,6
175,6
176,6
177,6
178,6
179,6
180,6
181,6
182,6
183,6
184,6
185,6
186,6
187,6
188,6
189,6
190,6
191,6
192,6
193,6
194,6
195,6
196,6
197,6
198,6
199,6
200,6
201,6
202,6
203,6
204,6
205,6
206,6
207,6
208,6
209,6
210,6
211,6
212,6
213,6
214,6
215,6
216,6
217,6
218,6
219,6
220,6
221,6
222,6
223,6
224,6
225,6
226,6
227,6
228,6
229,6
230,6
231,6
232,6
233,6
234,6
235,6
236,6
237,6
238,6
239,6
240,6
241,6
242,6
243,6
244,6
245,6
246,6
247,6
248,6
249,6
250,6
251,6
252,6
253,6
254,6
255,6
256,6
257,6
258,6
259,6
260,6
261,6
262,6
263,6
264,6
265,6
266,6
267,6
268,6
269,6
270,6
271,6
272,6
273,6
274,6
275,6
276,6
277,6
278,6
279,6
280,6
281,6
282,6
283,6
284,6
285,6
286,6
287,6
288,6
289,6
290,6
291,6
292,6
293,6
294,6
295,6
296,6
297,6
298,6
299,6
300,6
301,6
302,6
303,6
304,6
305,6
306,6
307,6
308,6
309,6
310,6
311,6
312,6
313,6
314,6
315,6
316,6
317,6
318,6
319,6
320,6
321,6
322,6
323,6
324,6
325,6
326,6
327,6
328,6
329,6
330,6
331,6
332,6
333,6
334,6
335,6
336,6
337,6
338,6
339,6
340,6
341,6
342,6
343,6
344,6
345,6
346,6
347,6
348,6
349,6
350,6
351,6
352,6
353,6
354,6
355,6
356,6
357,6
358,6
359,6
360,6
361,6
362,6
363,6
364,6
365,6
366,6
367,6
368,6
369,6
370,6
371,6
372,6
373,6
374,6
375,6
376,6
377,6
378,6
379,6
380,6
381,6
382,6
383,6
384,6
385,6
386,6
387,6
388,6
389,6
390,6
391,6
392,6
393,6
394,6
395,6
396,6
397,6
398,6
399,6
400,6
401,6
402,6
403,6
404,6
405,6
406,6
407,6
408,6
409,6
410,6
411,6
412,6
413,6
414,6
415,6
416,6
417,6
418,6
419,6
420,6
421,6
422,6
423,6
424,6
425,6
426,6
427,6
428,6
429,6
430,6
431,6
432,6
433,6
434,6
435,6
436,6
437,6
438,6
439,6
440,6
441,6
442,6
443,6
444,6
445,6
446,6
447,6
448,6
449,6
450,6
451,6
452,6
453,6
454,6
455,6
456,6
457,6
458,6
459,6
460,6
461,6
462,6
463,6
464,6
465,6
466,6
467,6
468,6
469,6
470,6
471,6
472,6
473,6
474,6
475,6
476,6
477,6
478,6
479,6
480,6
481,6
482,6
483,6
484,6
485,6
486,6
487,6
488,6
489,6
490,6
491,6
492,6
493,6
494,6
495,6
496,6
497,6
498,6
499,6
500,6
501,6
502,6
503,6
504,6
505,6
506,6
507,6
508,6
509,6
510,6
511,6
512,6
513,6
514,6
515,6
516,6
517,6
518,6
519,6
520,6
521,6
522,6
523,6
524,6
525,6
526,6
527,6
528,6
529,6
530,6
531,6
532,6
533,6
534,6
535,6
536,6
537,6
538,6
539,6
540,6
541,6
542,6
543,6
544,6
545,6
546,6
547,6
548,6
549,6
550,6
551,6
552,6
553,6
554,6
555,6
556,6
557,6
558,6
559,6
560,6
561,6
562,6
563,6
564,6
565,6
566,6
567,6
568,6
569,6
570,6
571,6
572,6
573,6
574,6
575,6
576,6
577,6
578,6
579,6
580,6
581,6
582,6
583,6
584,6
585,6
586,6
587,6
588,6
589,6
590,6
591,6
592,6
593,6
594,6
595,6
596,6
597,6
598,6
599,6
600,6
601,6
602,6
603,6
604,6
605,6
606,6
607,6
608,6
609,6
610,6
611,6
612,6
613,6
614,6
615,6
616,6
617,6
618,6
619,6
620,6
621,6
622,6
623,6
624,6
625,6
626,6
627,6
628,6
629,6
630,6
631,6
632,6
633,6
634,6
635,6
636,6
637,6
638,6
639,6
640,6
641,6
642,6
643,6
644,6
645,6
646,6
647,6
648,6
649,6
650,6
651,6
652,6
653,6
654,6
655,6
656,6
657,6
658,6
659,6
660,6
661,6
662,6
663,6
664,6
665,6
666,6
667,6
668,6
669,6
670,6
671,6
672,6
673,6
674,6
675,6
676,6
677,6
678,6
679,6
680,6
681,6
682,6
683,6
684,6
685,6
686,6
687,6
688,6
689,6
690,6
691,6
692,6
693,6
694,6
695,6
696,6
697,6
698,6
699,6
700,6
701,6
702,6
703,6
704,6
705,6
706,6
707,6
708,6
709,6
710,6
711,6
712,6
713,6
714,6
715,6
716,6
717,6
718,6
719,6
720,6
721,6
722,6
723,6
724,6
725,6
726,6
727,6
728,6
729,6
730,6
731,6
732,6
733,6
734,6
735,6
736,6
737,6
738,6
739,6
740,6
741,6
742,6
743,6
744,6
745,6
746,6
747,6
748,6
749,6
750,6
751,6
752,6
753,6
754,6
755,6
756,6
757,6
758,6
759,6
760,6
761,6
762,6
763,6
764,6
765,6
766,6
767,6
768,6
769,6
770,6
771,6
772,6
773,6
774,6
775,6
776,6
777,6
778,6
779,6
780,6
781,6
782,6
783,6
784,6
785,6
786,6
787,6
788,6
789,6
790,6
791,6
792,6
793,6
794,6
795,6
796,6
797,6
798,6
799,6
800,6
801,6
802,6
803,6
804,6
805,6
806,6
807,6
808,6
809,6
810,6
811,6
812,6
813,6
814,6
815,6
816,6
817,6
818,6
819,6
820,6
821,6
822,6
823,6
824,6
825,6
826,6
827,6
828,6
829,6
830,6
831,6
832,6
833,6
834,6
835,6
836,6
837,6
838,6
839,6
840,6
841,6
842,6
843,6
844,6
845,6
846,6
847,6
848,6
849,6
850,6
851,6
852,6
853,6
854,6
855,6
856,6
857,6
858,6
859,6
860,6
861,6
862,6
863,6
864,6
865,6
866,6
867,6
868,6
869,6
870,6
871,6
872,6
873,6
874,6
875,6
876,6
877,6
878,6
879,6
880,6
881,6
882,6
883,6
884,6
885,6
886,6
887,6
888,6
889,6
890,6
891,6
892,6
893,6
894,6
895,6
896,6
897,6
898,6
899,6
900,6
901,6
902,6
903,6
904,6
905,6
906,6
907,6
908,6
909,6
910,6
911,6
912,6
913,6
914,6
915,6
916,6
917,6
918,6
919,6
920,6
921,6
922,6
923,6
924,6
925,6
926,6
927,6
928,6
929,6
930,6
931,6
932,6
933,6
934,6
935,6
936,6
937,6
938,6
939,6
940,6
941,6
942,6
943,6
944,6
945,6
946,6
947,6
948,6
949,6
950,6
951,6
952,6
953,6
954,6
955,6
956,6
957,6
958,6
959,6
960,6
961,6
962,6
963,6
964,6
965,6
966,6
967,6
968,6
969,6
970,6
971,6
972,6
973,6
974,6
975,6
976,6
977,6
978,6
979,6
980,6
981,6
982,6
983,6
984,6
985,6
986,6
987,6
988,6
989,6
990,6
991,6
992,6
993,6
994,6
995,6
996,6
997,6
998,6
999,6
1000,6
1001,6
1002,6
1003,6
1004,6
1005,6
1006,6
1007,6
1008,6
1009,6
1010,6
1011,6
1012,6
1013,6
1014,6
1015,6
1016,6
1017,6
1018,6
1019,6
1020,6
1021,6
1022,6
1023,6
1024,6
1025,6
1026,6
1027,6
1028,6
1029,6
1030,6
1031,6
1032,6
1033,6
1034,6
1035,6
1036,6
1037,6
1038,6
1039,6
1040,6
1041,6
1042,6
1043,6
1044,6
1045,6
1046,6
1047,6
1048,6
1049,6
1050,6
1051,6
1052,6
1053,6
1054,6
1055,6
1056,6
1057,6
1058,6
1059,6
1060,6
1061,6
1062,6
1063,6
1064,6
1065,6
1066,6
1067,6
1068,6
1069,6
1070,6
1071,6
1072,6
1073,6
1074,6
1075,6
1076,6
1077,6
1078,6
1079,6
1080,6
1081,6
1082,6
1083,6
1084,6
1085,6
1086,6
1087,6
1088,6
1089,6
1090,6
1091,6
1092,6
1093,6
1094,6
1095,6
1096,6
1097,6
1098,6
1099,6
1100,6
1101,6
1102,6
1103,6
1104,6
1105,6
1106,6
1107,6
1108,6
1109,6
1110,6
1111,6
1112,6
1113,6
1114,6
1115,6
1116,6
1117,6
1118,6
1119,6
1120,6
1121,6
1122,6
1123,6
1124,6
1125,6
1126,6
1127,6
1128,6
1129,6
1130,6
1131,6
1132,6
1133,6
1134,6
1135,6
1136,6
1137,6
1138,6
1139,6
1140,6
1141,6
1142,6
1143,6
1144,6
1145,6
1146,6
1147,6
1148,6
1149,6
1150,6
1151,6
1152,6
1153,6
1154,6
1155,6
1156,6
1157,6
1158,6
1159,6
1160,6
1161,6
1162,6
1163,6
1164,6
1165,6
1166,6
1167,6
1168,6
1169,6
1170,6
1171,6
1172,6
1173,6
1174,6
1175,6
1176,6
1177,6
1178,6
1179,6
1180,6
1181,6
1182,6
1183,6
1184,6
1185,6
1186,6
1187,6
1188,6
1189,6
1190,6
1191,6
1192,6
1193,6
1194,6
1195,6
1196,6
1197,6
1198,6
1199,6
1200,6
1201,6
1202,6
1203,6
1204,6
1205,6
1206,6
1207,6
1208,6
1209,6
1210,6
1211,6
1212,6
1213,6
1214,6
1215,6
1216,6
1217,6
1218,6
1219,6
1220,6
1221,6
1222,6
1223,6
1224,6
1225,6
1226,6
1227,6
1228,6
1229,6
1230,6
1231,6
1232,6
1233,6
1234,6
1235,6
1236,6
1237,6
1238,6
1239,6
1240,6
1241,6
1242,6
1243,6
1244,6
1245,6
1246,6
1247,6
1248,6
1249,6
1250,6
1251,6
1252,6
1253,6
1254,6
1255,6
1256,6
1257,6
1258,6
1259,6
1260,6
1261,6
1262,6
1263,6
1264,6
1265,6
1266,6
1267,6
1268,6
1269,6
1270,6
1271,6
1272,6
1273,6
1274,6
1275,6
1276,6
1277,6
1278,6
1279,6
1280,6
1281,6
1282,6
1283,6
1284,6
1285,6
1286,6
1287,6
1288,6
1289,6
1290,6
1291,6
1292,6
1293,6
1294,6
1295,6
1296,6
1297,6
1298,6
1299,6
1300,6
1301,6
1302,6
1303,6
1304,6
1305,6
1306,6
1307,6
1308,6
1309,6
1310,6
1311,6
1312,6
1313,6
1314,6
1315,6
1316,6
1317,6
1318,6
1319,6
1320,6
1321,6
1322,6
1323,6
1324,6
1325,6
1326,6
1327,6
1328,6
1329,6
1330,6
1331,6
1332,6
1333,6
1334,6
1335,6
1336,6
1337,6
1338,6
1339,6
1340,6
1341,6
1342,6
1343,6
1344,6
1345,6
1346,6
1347,6
1348,6
1349,6
1350,6
1351,6
1352,6
1353,6
1354,6
1355,6
1356,6
1357,6
1358,6
1359,6
1360,6
1361,6
1362,6
1363,6
1364,6
1365,6
1366,6
1367,6
1368,6
1369,6
1370,6
1371,6
1372,6
1373,6
1374,6
1375,6
1376,6
1377,6
1378,6
1379,6
1380,6
1381,6
1382,6
1383,6
1384,6
1385,6
1386,6
1387,6
1388,6
1389,6
1390,6
1391,6
1392,6
1393,6
1394,6
1395,6
1396,6
1397,6
1398,6
1399,6
1400,6
1401,6
1402,6
1403,6
1404,6
1405,6
1406,6
1407,6
1408,6
1409,6
1410,6
1411,6
1412,6
1413,6
1414,6
1415,6
1416,6
1417,6
1418,6
1419,6
1420,6
1421,6
1422,6
1423,6
1424,6
1425,6
1426,6
1427,6
1428,6
1429,6
1430,6
1431,6
1432,6
1433,6
1434,6
1435,6
1436,6
1437,6
1438,6
1439,6
1440,6
1441,6
1442,6
1443,6
1444,6
1445,6
1446,6
1447,6
1448,6
1449,6
1450,6
1451,6
1452,6
1453,6
1454,6
1455,6
1456,6
1457,6
1458,6
1459,6
1460,6
1461,6
1462,6
1463,6
1464,6
1465,6
1466,6
1467,6
1468,6
1469,6
1470,6
1471,6
1472,6
1473,6
1474,6
1475,6
1476,6
1477,6
1478,6
1479,6
1480,6
1481,6
1482,6
1491,6
1492,6
1493,6
1494,6
1495,6
1496,6
1499,6
1500,6
1515,6
1516,6
1517,6
1518,6
1519,6
1520,6
1523,6
1524,6
1539,6
1540,6
5666,6
5667,6
5668,6
5669,6
5670,6
5671,6
5672,6
5710,6
5711,6
5712,6
5713,6
5714,6
5715,6
5716,6
5717,6
5718,6
5719,6
5720,6
5721,6
5722,6
5723,6
5724,6
5725,6
5726,6
5727,6
5728,6
5729,6
5730,6
5731,6
5732,6
5733,6
5734,6
5735,6
5736,6
5737,6
5738,6
5739,6
5740,6
5741,6
5742,6
5743,6
5744,6
5745,6
5746,6
5747,6
5748,6
5749,6
5750,6
5751,6
5752,6
5753,6
5754,6
5755,6
5756,6
5757,6
5758,6
5759,6
5760,6
5761,6
5762,6
5763,6
5764,6
5765,6
5766,6
5767,6
5768,6
5769,6
5770,6
5771,6
5772,6
5773,6
5774,6
5775,6
5776,6
5777,6
5778,6
5779,6
5780,6
5781,6
5782,6
5783,6
5784,6
5785,6
5786,6
5787,6
5788,6
5789,6
5790,6
5791,6
5792,6
5793,6
5794,6
5795,6
5796,6
5797,6
5798,6
5799,6
5800,6
5801,6
5802,6
5803,6
5804,6
5805,6
5806,6
5807,6
5808,6
5809,6
5810,6
5811,6
5812,6
5813,6
5814,6
5815,6
5816,6
5817,6
5818,6
5819,6
5820,6
5821,6
5822,6
5823,6
5824,6
5825,6
5826,6
5827,6
5828,6
5829,6
5830,6
5831,6
5832,6
5833,6
5834,6
5835,6
5836,6
5837,6
5838,6
5839,6
5840,6
5841,6
5842,6
5843,6
5844,6
5845,6
5846,6
1483,9
1484,9
1485,9
1486,9
1487,9
1488,9
1489,9
1490,9
1497,9
1498,9
1501,9
1502,9
1503,9
1504,9
1505,9
1506,9
1507,9
1508,9
1509,9
1510,9
1511,9
1512,9
1513,9
1514,9
1521,9
1522,9
1525,9
1526,9
1527,9
1528,9
1529,9
1530,9
1531,9
1532,9
1533,9
1534,9
1535,9
1536,9
1537,9
1538,9
1541,9
1542,9
1543,9
1544,9
1545,9
1546,9
1547,9
1548,9
1549,9
1550,9
1551,9
1552,9
1553,9
1554,9
1555,9
1556,9
1557,9
1558,9
1559,9
1560,9
1561,9
1562,9
1563,9
1564,9
1565,9
1566,9
1567,9
1568,9
1569,9
1570,9
1571,9
1572,9
1573,9
1574,9
1575,9
1576,9
1577,9
1578,9
1579,9
1580,9
1581,9
1582,9
1583,9
1584,9
1585,9
1586,9
1587,9
1588,9
1589,9
1590,9
1591,9
1592,9
1593,9
1594,9
1595,9
1596,9
1597,9
1598,9
1599,9
1600,9
1601,9
1602,9
1603,9
1604,9
1605,9
1606,9
1607,9
1608,9
1609,9
1610,9
1611,9
1612,9
1613,9
1614,9
1615,9
1616,9
1617,9
1618,9
1619,9
1620,9
1621,9
1622,9
1623,9
1624,9
1625,9
1626,9
1627,9
1628,9
1629,9
1630,9
1631,9
1632,9
1633,9
1634,9
1635,9
1636,9
1637,9
1638,9
1639,9
1640,9
1641,9
1642,9
1643,9
1644,9
1645,9
1646,9
1647,9
1648,9
1649,9
1650,9
1651,9
1652,9
1653,9
1654,9
1655,9
1656,9
1657,9
1658,9
1659,9
1660,9
1661,9
1662,9
1663,9
1664,9
1665,9
1666,9
1667,9
1668,9
1669,9
1670,9
1671,9
1672,9
1673,9
1674,9
1675,9
1676,9
1677,9
1678,9
1679,9
1680,9
1681,9
1682,9
1683,9
1684,9
1685,9
1686,9
1687,9
1688,9
1689,9
1690,9
1691,9
1692,9
1693,9
1694,9
1695,9
1696,9
1697,9
1698,9
1699,9
1700,9
1701,9
1702,9
1703,9
1704,9
1705,9
1706,9
1707,9
1708,9
1709,9
1710,9
1711,9
1712,9
1713,9
1714,9
1715,9
1716,9
1717,9
1718,9
1719,9
1720,9
1721,9
1722,9
1723,9
1724,9
1725,9
1726,9
1727,9
1728,9
1729,9
1730,9
1731,9
1732,9
1733,9
1734,9
1735,9
1736,9
1737,9
1738,9
1739,9
1740,9
1741,9
1742,9
1743,9
1744,9
1745,9
1746,9
1747,9
1748,9
1749,9
1750,9
1751,9
1752,9
1753,9
1754,9
1755,9
1756,9
1757,9
1758,9
1759,9
1760,9
1761,9
1762,9
1763,9
1764,9
1765,9
1766,9
1767,9
1768,9
1769,9
1770,9
1771,9
1772,9
1773,9
1774,9
1775,9
1776,9
1777,9
1778,9
1779,9
1780,9
1781,9
1782,9
1783,9
1784,9
1785,9
1786,9
1787,9
1788,9
1789,9
1790,9
1791,9
1792,9
1793,9
1794,9
1795,9
1796,9
1797,9
1798,9
1799,9
1800,9
1801,9
1802,9
1803,9
1804,9
1805,9
1806,9
1807,9
1808,9
1809,9
1810,9
1811,9
1812,9
1813,9
1814,9
1815,9
1816,9
1817,9
1818,9
1819,9
1820,9
1821,9
1822,9
1823,9
1824,9
1825,9
1826,9
1827,9
1828,9
1829,9
1830,9
1831,9
1832,9
1833,9
1834,9
1835,9
1836,9
1837,9
1838,9
1839,9
1840,9
1841,9
1842,9
1843,9
1844,9
1845,9
1846,9
1847,9
1848,9
1849,9
1850,9
1851,9
1852,9
1853,9
1854,9
1855,9
1856,9
1857,9
1858,9
1859,9
1860,9
1861,9
1862,9
1863,9
1864,9
1865,9
1866,9
1867,9
1868,9
1869,9
1870,9
1871,9
1872,9
1873,9
1874,9
1875,9
1876,9
1877,9
1878,9
1879,9
1880,9
1881,9
1882,9
1883,9
1884,9
1885,9
1886,9
1887,9
1888,9
1889,9
1890,9
1891,9
1892,9
1893,9
1894,9
1895,9
1896,9
1897,9
1898,9
1899,9
1900,9
1901,9
1902,9
1903,9
1904,9
1905,9
1906,9
1907,9
1908,9
1909,9
1910,9
1911,9
1912,9
1913,9
1914,9
1915,9
1916,9
1917,9
1918,9
1919,9
1920,9
1921,9
1922,9
1923,9
1924,9
1925,9
1926,9
1927,9
1928,9
1929,9
1930,9
1931,9
1932,9
1933,9
1934,9
1935,9
1936,9
1937,9
1938,9
1939,9
1940,9
1941,9
1942,9
1943,9
1944,9
1945,9
1946,9
1947,9
1948,9
1949,9
1950,9
1951,9
1952,9
1953,9
1954,9
1955,9
1956,9
1957,9
1958,9
1959,9
1960,9
1961,9
1962,9
1963,9
1964,9
1965,9
1966,9
1967,9
1968,9
1969,9
1970,9
1971,9
1972,9
1973,9
1974,9
1975,9
1976,9
1977,9
1978,9
1979,9
1980,9
1981,9
1982,9
1983,9
1984,9
1985,9
1986,9
1987,9
1988,9
1989,9
1990,9
1991,9
1992,9
1993,9
1994,9
1995,9
1996,9
1997,9
1998,9
1999,9
2000,9
2001,9
2002,9
2003,9
2004,9
2005,9
2006,9
2007,9
2008,9
2009,9
2010,9
2011,9
2012,9
2013,9
2014,9
2015,9
2016,9
2017,9
2018,9
2019,9
2020,9
2021,9
2022,9
2023,9
2024,9
2025,9
2026,9
2027,9
2028,9
2029,9
2030,9
2031,9
2032,9
2033,9
2034,9
2035,9
2036,9
2037,9
2038,9
2039,9
2040,9
2041,9
2042,9
2043,9
2044,9
2045,9
2046,9
2047,9
2048,9
2049,9
2050,9
2051,9
2052,9
2053,9
2054,9
2055,9
2056,9
2057,9
2058,9
2059,9
2060,9
2061,9
2062,9
2063,9
2064,9
2065,9
2066,9
2067,9
2068,9
2069,9
2070,9
2071,9
2072,9
2073,9
2074,9
2075,9
2076,9
2077,9
2078,9
2079,9
2080,9
2081,9
2082,9
2083,9
2084,9
2085,9
2086,9
2087,9
2088,9
2089,9
2090,9
2091,9
2092,9
2093,9
2094,9
2095,9
2096,9
2097,9
2098,9
2099,9
2100,9
2101,9
2102,9
2103,9
2104,9
2105,9
2106,9
2107,9
2108,9
2109,9
2110,9
2111,9
2112,9
2113,9
2114,9
2115,9
2116,9
2117,9
2118,9
2119,9
2120,9
2121,9
2122,9
2123,9
2124,9
2125,9
2126,9
2127,9
2128,9
2129,9
2130,9
2131,9
2132,9
2133,9
2134,9
2135,9
2136,9
2137,9
2138,9
2139,9
2140,9
2141,9
2142,9
2143,9
2144,9
2145,9
2146,9
2147,9
2148,9
2149,9
2150,9
2151,9
2152,9
2153,9
2154,9
2155,9
2156,9
2157,9
2158,9
2159,9
2160,9
2161,9
2162,9
2163,9
2164,9
2165,9
2166,9
2167,9
2168,9
2169,9
2170,9
2171,9
2172,9
2173,9
2174,9
2175,9
2176,9
2177,9
2178,9
2179,9
2180,9
2181,9
2182,9
2183,9
2184,9
2185,9
2186,9
2187,9
2188,9
2189,9
2190,9
2191,9
2192,9
2193,9
2194,9
2195,9
2196,9
2197,9
2198,9
2199,9
2200,9
2201,9
2202,9
2203,9
2204,9
2205,9
2206,9
2207,9
2208,9
2209,9
2210,9
2211,9
2212,9
2213,9
2214,9
2215,9
2216,9
2217,9
2218,9
2219,9
2220,9
2221,9
2222,9
2223,9
2224,9
2225,9
2226,9
2227,9
2228,9
2229,9
2230,9
2231,9
2232,9
2233,9
2234,9
2235,9
2236,9
2237,9
2238,9
2239,9
2240,9
2241,9
2242,9
2243,9
2244,9
2245,9
2246,9
2247,9
2248,9
2249,9
2250,9
2251,9
2252,9
2253,9
2254,9
2255,9
2256,9
2257,9
2258,9
2259,9
2260,9
2261,9
2262,9
2263,9
2264,9
2265,9
2266,9
2267,9
2268,9
2269,9
2270,9
2271,9
2272,9
2273,9
2274,9
2275,9
2276,9
2277,9
2278,9
2279,9
2280,9
2281,9
2282,9
2283,9
2284,9
2285,9
2286,9
2287,9
2288,9
2289,9
2290,9
2291,9
2292,9
2293,9
2294,9
2295,9
2296,9
2297,9
2298,9
2299,9
2300,9
2301,9
2302,9
2303,9
2304,9
2305,9
2306,9
2307,9
2308,9
2309,9
2310,9
2311,9
2312,9
2313,9
2314,9
2315,9
2316,9
2317,9
2318,9
2319,9
2320,9
2321,9
2322,9
2323,9
2324,9
2325,9
2326,9
2327,9
2328,9
2329,9
2330,9
2331,9
2332,9
2333,9
2334,9
2335,9
2336,9
2337,9
2338,9
2339,9
2340,9
2341,9
2342,9
2343,9
2344,9
2345,9
2346,9
2347,9
2348,9
2349,9
2350,9
2351,9
2352,9
2353,9
2354,9
2355,9
2356,9
2357,9
2358,9
2359,9
2360,9
2361,9
2362,9
2363,9
2364,9
2365,9
2366,9
2367,9
2368,9
2369,9
2370,9
2371,9
2372,9
2373,9
2374,9
2375,9
2376,9
2377,9
2378,9
2379,9
2380,9
2381,9
2382,9
2383,9
2384,9
2385,9
2386,9
2387,9
2388,9
2389,9
2390,9
2391,9
2392,9
2393,9
2394,9
2395,9
2396,9
2397,9
2398,9
2399,9
2400,9
2401,9
2402,9
2403,9
2404,9
2405,9
2406,9
2407,9
2408,9
2409,9
2410,9
2411,9
2412,9
2413,9
2414,9
2415,9
2416,9
2417,9
2418,9
2419,9
2420,9
2421,9
2422,9
2423,9
2424,9
2425,9
2426,9
2427,9
2428,9
2429,9
2430,9
2431,9
2432,9
2433,9
2434,9
2435,9
2436,9
2437,9
2438,9
2439,9
2440,9
2441,9
2442,9
2443,9
2444,9
2445,9
2446,9
2447,9
2448,9
2449,9
2450,9
2451,9
2452,9
2453,9
2454,9
2455,9
2456,9
2457,9
2458,9
2459,9
2460,9
2461,9
2462,9
2463,9
2464,9
2465,9
2466,9
2467,9
2468,9
2469,9
2470,9
2471,9
2472,9
2473,9
2474,9
2475,9
2476,9
2477,9
2478,9
2479,9
2480,9
2481,9
2482,9
2483,9
2484,9
2485,9
2486,9
2487,9
2488,9
2489,9
2490,9
2491,9
2492,9
2493,9
2494,9
2495,9
2496,9
2497,9
2498,9
2499,9
2500,9
2501,9
2502,9
2503,9
2504,9
2505,9
2506,9
2507,9
2508,9
2509,9
2510,9
2511,9
2512,9
2513,9
2514,9
2515,9
2516,9
2517,9
2518,9
2519,9
2520,9
2521,9
2522,9
2523,9
2524,9
2525,9
2526,9
2527,9
2528,9
2529,9
2530,9
2531,9
2532,9
2533,9
2534,9
2535,9
2536,9
2537,9
2538,9
2539,9
2540,9
2541,9
2542,9
2543,9
2544,9
2545,9
2546,9
2547,9
2548,9
2549,9
2550,9
2551,9
2552,9
2553,9
2554,9
2555,9
2556,9
2557,9
2558,9
2559,9
2560,9
2561,9
2562,9
2563,9
2564,9
2565,9
2566,9
2567,9
2568,9
2569,9
2570,9
2571,9
2572,9
2573,9
2574,9
2575,9
2576,9
2577,9
2578,9
2579,9
2580,9
2581,9
2582,9
2583,9
2584,9
2585,9
2586,9
2587,9
2588,9
2589,9
2590,9
2591,9
2592,9
2593,9
2594,9
2595,9
2596,9
2597,9
2598,9
2599,9
2600,9
2601,9
2602,9
2603,9
2604,9
2605,9
2606,9
2607,9
2608,9
2609,9
2610,9
2611,9
2612,9
2613,9
2614,9
2615,9
2616,9
2617,9
2618,9
2619,9
2620,9
2621,9
2622,9
2623,9
2624,9
2625,9
2626,9
2627,9
2628,9
2629,9
2630,9
2631,9
2632,9
2633,9
2634,9
2635,9
2636,9
2637,9
2638,9
2639,9
2640,9
2641,9
2642,9
2643,9
2644,9
2645,9
2646,9
2647,9
2648,9
2649,9
2650,9
2651,9
2652,9
2653,9
2654,9
2655,9
2656,9
2657,9
2658,9
2659,9
2660,9
2661,9
2662,9
2663,9
2664,9
2665,9
2666,9
2667,9
2668,9
2669,9
2670,9
2671,9
2672,9
2673,9
2674,9
2675,9
2676,9
2677,9
2678,9
2679,9
2680,9
2681,9
2682,9
2683,9
2684,9
2685,9
2686,9
2687,9
2688,9
2689,9
2690,9
2691,9
2692,9
2693,9
2694,9
2695,9
2696,9
2697,9
2698,9
2699,9
2700,9
2701,9
2702,9
2703,9
2704,9
2705,9
2706,9
2707,9
2708,9
2709,9
2710,9
2711,9
2712,9
2713,9
2714,9
2715,9
2716,9
2717,9
2718,9
2719,9
2720,9
2721,9
2722,9
2723,9
2724,9
2725,9
2726,9
2727,9
2728,9
2729,9
2730,9
2731,9
2732,9
2733,9
2734,9
2735,9
2736,9
2737,9
2738,9
2739,9
2740,9
2741,9
2742,9
2743,9
2744,9
2745,9
2746,9
2747,9
2748,9
2749,9
2750,9
2751,9
2752,9
2753,9
2754,9
2755,9
2756,9
2757,9
2758,9
2759,9
2760,9
2761,9
2762,9
2763,9
2764,9
2765,9
2766,9
2767,9
2768,9
2769,9
2770,9
2771,9
2772,9
2773,9
2774,9
2775,9
2776,9
2777,9
2778,9
2779,9
2780,9
2781,9
2782,9
2783,9
2784,9
2785,9
2786,9
2787,9
2788,9
2789,9
2790,9
2791,9
2792,9
2793,9
2794,9
2795,9
2796,9
2797,9
2798,9
2799,9
2800,9
2801,9
2802,9
2803,9
2804,9
2805,9
2806,9
2807,9
2808,9
2809,9
2810,9
2811,9
2812,9
2813,9
2814,9
2815,9
2816,9
2817,9
2818,9
2819,9
2820,9
2821,9
2822,9
2823,9
2824,9
2825,9
2826,9
2827,9
2828,9
2829,9
2830,9
2831,9
2832,9
2833,9
2834,9
2835,9
2836,9
2837,9
2838,9
2839,9
2840,9
2841,9
2842,9
2843,9
2844,9
2845,9
2846,9
2847,9
2848,9
2849,9
2850,9
2851,9
2852,9
2853,9
2854,9
2855,9
2856,9
2857,9
2858,9
2859,9
2860,9
2861,9
2862,9
2863,9
2864,9
2865,9
2866,9
2867,9
2868,9
2869,9
2870,9
2871,9
2872,9
2873,9
2874,9
2875,9
2876,9
2877,9
2878,9
2879,9
2880,9
2881,9
2882,9
2883,9
2884,9
2885,9
2886,9
2887,9
2888,9
2889,9
2890,9
2891,9
2892,9
2893,9
2894,9
2895,9
2896,9
2897,9
2898,9
2899,9
2900,9
2901,9
2902,9
2903,9
2904,9
2905,9
2906,9
2907,9
2908,9
2909,9
2910,9
2911,9
2912,9
2913,9
2914,9
2915,9
2916,9
2917,9
2918,9
2919,9
2920,9
2921,9
2922,9
2923,9
2924,9
2925,9
2926,9
2927,9
2928,9
2929,9
2930,9
2931,9
2932,9
2933,9
2934,9
2935,9
2936,9
2937,9
2938,9
2939,9
2940,9
2941,9
2942,9
2943,9
2944,9
2945,9
2946,9
2947,9
2948,9
2949,9
2950,9
2951,9
2952,9
2953,9
2954,9
2955,9
2956,9
2957,9
2958,9
2959,9
2960,9
2961,9
2962,9
2963,9
2964,9
2965,9
2966,9
2967,9
2968,9
2969,9
2970,9
2971,9
2972,9
2973,9
2974,9
2975,9
2976,9
2977,9
2978,9
2979,9
2980,9
2981,9
2982,9
2983,9
2984,9
2985,9
2986,9
2987,9
2988,9
2989,9
2990,9
2991,9
2992,9
2993,9
2994,9
2995,9
2996,9
2997,9
2998,9
2999,9
3000,9
3001,9
3002,9
3003,9
3004,9
3005,9
3006,9
3007,9
3008,9
3009,9
3010,9
3011,9
3012,9
3013,9
3014,9
3015,9
3016,9
3017,9
3018,9
3019,9
3020,9
3021,9
3022,9
3023,9
3024,9
3025,9
3026,9
3027,9
3028,9
3029,9
3030,9
3031,9
3032,9
3033,9
3034,9
3035,9
3036,9
3037,9
3038,9
3039,9
3040,9
3041,9
3042,9
3043,9
3044,9
3045,9
3046,9
3047,9
3048,9
3049,9
3050,9
3051,9
3052,9
3053,9
3054,9
3055,9
3056,9
3057,9
3058,9
3059,9
3060,9
3061,9
3062,9
3063,9
3064,9
3065,9
3066,9
3067,9
3068,9
3069,9
3070,9
3071,9
3072,9
3073,9
3074,9
3075,9
3076,9
3077,9
3078,9
3079,9
3080,9
3081,9
3082,9
3083,9
3084,9
3085,9
3086,9
3087,9
3088,9
3089,9
3090,9
3091,9
3092,9
3093,9
3094,9
3095,9
3096,9
3097,9
3098,9
3099,9
3100,9
3101,9
3102,9
3103,9
3104,9
3105,9
3106,9
3107,9
3108,9
3109,9
3110,9
3111,9
3112,9
3113,9
3114,9
3115,9
3116,9
3117,9
3118,9
3119,9
3120,9
3121,9
3122,9
3123,9
3124,9
3125,9
3126,9
3127,9
3128,9
3129,9
3130,9
3131,9
3132,9
3133,9
3134,9
3135,9
3136,9
3137,9
3138,9
3139,9
3140,9
3141,9
3142,9
3143,9
3144,9
3145,9
3146,9
3147,9
3148,9
3149,9
3150,9
3151,9
3152,9
3153,9
3154,9
3155,9
3156,9
3157,9
3158,9
3159,9
3160,9
3161,9
3162,9
3163,9
3164,9
3165,9
3166,9
3167,9
3168,9
3169,9
3170,9
3171,9
3172,9
3173,9
3174,9
3175,9
3176,9
3177,9
3178,9
3179,9
3180,9
3181,9
3182,9
3183,9
3184,9
3185,9
3186,9
3187,9
3188,9
3189,9
3190,9
3191,9
3192,9
3193,9
3194,9
3195,9
3196,9
3197,9
3198,9
3199,9
3200,9
3201,9
3202,9
3203,9
3204,9
3205,9
3206,9
3207,9
3208,9
3209,9
3210,9
3211,9
3212,9
3213,9
3214,9
3215,9
3216,9
3217,9
3218,9
3219,9
3220,9
3221,9
3222,9
3223,9
3224,9
3225,9
3226,9
3227,9
3228,9
3229,9
3230,9
3231,9
3232,9
3233,9
3234,9
3235,9
3236,9
3237,9
3238,9
3239,9
3240,9
3241,9
3242,9
3243,9
3244,9
3245,9
3246,9
3247,9
3248,9
3249,9
3250,9
3251,9
3252,9
3253,9
3254,9
3255,9
3256,9
3257,9
3258,9
3259,9
3260,9
3261,9
3262,9
3263,9
3264,9
3265,9
3266,9
3267,9
3268,9
3269,9
3270,9
3271,9
3272,9
3273,9
3274,9
3275,9
3276,9
3277,9
3278,9
3279,9
3280,9
3281,9
3282,9
3283,9
3284,9
3285,9
3286,9
3287,9
3288,9
3289,9
3290,9
3291,9
3292,9
3293,9
3294,9
3295,9
3296,9
3297,9
3298,9
3299,9
3300,9
3301,9
3302,9
3303,9
3304,9
3305,9
3306,9
3307,9
3308,9
3309,9
3310,9
3311,9
3312,9
3313,9
3314,9
3315,9
3316,9
3317,9
3318,9
3319,9
3320,9
3321,9
3322,9
3323,9
3324,9
3325,9
3326,9
3327,9
3328,9
3329,9
3330,9
3331,9
3332,9
3333,9
3334,9
3335,9
3336,9
3337,9
3338,9
3339,9
3340,9
3341,9
3342,9
3343,9
3344,9
3345,9
3346,9
3347,9
3348,9
3349,9
3350,9
3351,9
3352,9
3353,9
3354,9
3355,9
3356,9
3357,9
3358,9
3359,9
3360,9
3361,9
3362,9
3363,9
3364,9
3365,9
3366,9
3367,9
3368,9
3369,9
3370,9
3371,9
3372,9
3373,9
3374,9
3375,9
3376,9
3377,9
3378,9
3379,9
3380,9
3381,9
3382,9
3383,9
3384,9
3385,9
3386,9
3387,9
3388,9
3389,9
3390,9
3391,9
3392,9
3393,9
3394,9
3395,9
3396,9
3397,9
3398,9
3399,9
3400,9
3401,9
3402,9
3403,9
3404,9
3405,9
3406,9
3407,9
3408,9
3409,9
3410,9
3411,9
3412,9
3413,9
3414,9
3415,9
3416,9
3417,9
3418,9
3419,9
3420,9
3421,9
3422,9
3423,9
3424,9
3425,9
3426,9
3427,9
3428,9
3429,9
3430,9
3431,9
3432,9
3433,9
3434,9
3435,9
3436,9
3437,9
3438,9
3439,9
3440,9
3441,9
3442,9
3443,9
3444,9
3445,9
3446,9
3447,9
3448,9
3449,9
3450,9
3451,9
3452,9
3453,9
3454,9
3455,9
3456,9
3457,9
3458,9
3459,9
3460,9
3461,9
3462,9
3463,9
3464,9
3465,9
3466,9
3467,9
3468,9
3469,9
3470,9
3471,9
3472,9
3473,9
3474,9
3475,9
3476,9
3477,9
3478,9
3479,9
3480,9
3481,9
3482,9
3483,9
3484,9
3485,9
3486,9
3487,9
3488,9
3489,9
3490,9
3491,9
3492,9
3493,9
3494,9
3495,9
3496,9
3497,9
3498,9
3499,9
3500,9
3501,9
3502,9
3503,9
3504,9
3505,9
3506,9
3507,9
3508,9
3509,9
3510,9
3511,9
3512,9
3513,9
3514,9
3515,9
3516,9
3517,9
3518,9
3519,9
3520,9
3521,9
3522,9
3523,9
3524,9
3525,9
3526,9
3527,9
3528,9
3529,9
3530,9
3531,9
3532,9
3533,9
3534,9
3535,9
3536,9
3537,9
3538,9
3539,9
3540,9
3541,9
3542,9
3543,9
3544,9
3545,9
3546,9
3547,9
3548,9
3549,9
3550,9
3551,9
3552,9
3553,9
3554,9
3555,9
3556,9
3557,9
3558,9
3559,9
3560,9
3561,9
3562,9
3563,9
3564,9
3565,9
3566,9
3567,9
3568,9
3569,9
3570,9
3571,9
3572,9
3573,9
3574,9
3575,9
3576,9
3577,9
3578,9
3579,9
3580,9
3581,9
3582,9
3583,9
3584,9
3585,9
3586,9
3587,9
3588,9
3589,9
3590,9
3591,9
3592,9
3593,9
3594,9
3595,9
3596,9
3597,9
3598,9
3599,9
3600,9
3601,9
3602,9
3603,9
3604,9
3605,9
3606,9
3607,9
3608,9
3609,9
3610,9
3611,9
3612,9
3613,9
3614,9
3615,9
3616,9
3617,9
3618,9
3619,9
3620,9
3621,9
3622,9
3623,9
3624,9
3625,9
3626,9
3627,9
3628,9
3629,9
3630,9
3631,9
3632,9
3633,9
3634,9
3635,9
3636,9
3637,9
3638,9
3639,9
3640,9
3641,9
3642,9
3643,9
3644,9
3645,9
3646,9
3647,9
3648,9
3649,9
3650,9
3651,9
3652,9
3653,9
3654,9
3655,9
3656,9
3657,9
3658,9
3659,9
3660,9
3661,9
3662,9
3663,9
3664,9
3665,9
3666,9
3667,9
3668,9
3669,9
3670,9
3671,9
3672,9
3673,9
3674,9
3675,9
3676,9
3677,9
3678,9
3679,9
3680,9
3681,9
3682,9
3683,9
3684,9
3685,9
3686,9
3687,9
3688,9
3689,9
3690,9
3691,9
3692,9
3693,9
3694,9
3695,9
3696,9
3697,9
3698,9
3699,9
3700,9
3701,9
3702,9
3703,9
3704,9
3705,9
3706,9
3707,9
3708,9
3709,9
3710,9
3711,9
3712,9
3713,9
3714,9
3715,9
3716,9
3717,9
3718,9
3719,9
3720,9
3721,9
3722,9
3723,9
3724,9
3725,9
3726,9
3727,9
3728,9
3729,9
3730,9
3731,9
3732,9
3733,9
3734,9
3735,9
3736,9
3737,9
3738,9
3739,9
3740,9
3741,9
3742,9
3743,9
3744,9
3745,9
3746,9
3747,9
3748,9
3749,9
3750,9
3751,9
3752,9
3753,9
3754,9
3755,9
3756,9
3757,9
3758,9
3759,9
3760,9
3761,9
3762,9
3763,9
3764,9
3765,9
3766,9
3767,9
3768,9
3769,9
3770,9
3771,9
3772,9
3773,9
3774,9
3775,9
3776,9
3777,9
3778,9
3779,9
3780,9
3781,9
3782,9
3783,9
3784,9
3785,9
3786,9
3787,9
3788,9
3789,9
3790,9
3791,9
3792,9
3793,9
3794,9
3795,9
3796,9
3797,9
3798,9
3799,9
3800,9
3801,9
3802,9
3803,9
3804,9
3805,9
3806,9
3807,9
3808,9
3809,9
3810,9
3811,9
3812,9
3813,9
3814,9
3815,9
3816,9
3817,9
3818,9
3819,9
3820,9
3821,9
3822,9
3823,9
3824,9
3825,9
3826,9
3827,9
3828,9
3829,9
3830,9
3831,9
3832,9
3833,9
3834,9
3835,9
3836,9
3837,9
3838,9
3839,9
3840,9
3841,9
3842,9
3843,9
3844,9
3845,9
3846,9
3847,9
3848,9
3849,9
3850,9
3851,9
3852,9
3853,9
3854,9
3855,9
3856,9
3857,9
3858,9
3859,9
3860,9
3861,9
3862,9
3863,9
3864,9
3865,9
3866,9
3867,9
3868,9
3869,9
3870,9
3871,9
3872,9
3873,9
3874,9
3875,9
3876,9
3877,9
3878,9
3879,9
3880,9
3881,9
3882,9
3883,9
3884,9
3885,9
3886,9
3887,9
3888,9
3889,9
3890,9
3891,9
3892,9
3893,9
3894,9
3895,9
3896,9
3897,9
3898,9
3899,9
3900,9
3901,9
3902,9
3903,9
3904,9
3905,9
3906,9
3907,9
3908,9
3909,9
3910,9
3911,9
3912,9
3913,9
3914,9
3915,9
3916,9
3917,9
3918,9
3919,9
3920,9
3921,9
3922,9
3923,9
3924,9
3925,9
3926,9
3927,9
3928,9
3929,9
3930,9
3931,9
3932,9
3933,9
3934,9
3935,9
3936,9
3937,9
3938,9
3939,9
3940,9
3941,9
3942,9
3943,9
3944,9
3945,9
3946,9
3947,9
3948,9
3949,9
3950,9
3951,9
3952,9
3953,9
3954,9
3955,9
3956,9
3957,9
3958,9
3959,9
3960,9
3961,9
3962,9
3963,9
3964,9
3965,9
3966,9
3967,9
3968,9
3969,9
3970,9
3971,9
3972,9
3973,9
3974,9
3975,9
3976,9
3977,9
3978,9
3979,9
3980,9
3981,9
3982,9
3983,9
3984,9
3985,9
3986,9
3987,9
3988,9
3989,9
3990,9
3991,9
3992,9
3993,9
3994,9
3995,9
3996,9
3997,9
3998,9
3999,9
4000,9
4001,9
4002,9
4003,9
4004,9
4005,9
4006,9
4007,9
4008,9
4009,9
4010,9
4011,9
4012,9
4013,9
4014,9
4015,9
4016,9
4017,9
4018,9
4019,9
4020,9
4021,9
4022,9
4023,9
4024,9
4025,9
4026,9
4027,9
4028,9
4029,9
4030,9
4031,9
4032,9
4033,9
4034,9
4035,9
4036,9
4037,9
4038,9
4039,9
4040,9
4041,9
4042,9
4043,9
4044,9
4045,9
4046,9
4047,9
4048,9
4049,9
4050,9
4051,9
4052,9
4053,9
4054,9
4055,9
4056,9
4057,9
4058,9
4059,9
4060,9
4061,9
4062,9
4063,9
4064,9
4065,9
4066,9
4067,9
4068,9
4069,9
4070,9
4071,9
4072,9
4073,9
4074,9
4075,9
4076,9
4077,9
4078,9
4079,9
4080,9
4081,9
4082,9
4083,9
4084,9
4085,9
4086,9
4087,9
4088,9
4089,9
4090,9
4091,9
4092,9
4093,9
4094,9
4095,9
4096,9
4097,9
4098,9
4099,9
4100,9
4101,9
4102,9
4103,9
4104,9
4105,9
4106,9
4107,9
4108,9
4109,9
4110,9
4111,9
4112,9
4113,9
4114,9
4115,9
4116,9
4117,9
4118,9
4119,9
4120,9
4121,9
4122,9
4123,9
4124,9
4125,9
4126,9
4127,9
4128,9
4129,9
4130,9
4131,9
4132,9
4133,9
4134,9
4135,9
4136,9
4137,9
4138,9
4139,9
4140,9
4141,9
4142,9
4143,9
4144,9
4145,9
4146,9
4147,9
4148,9
4149,9
4150,9
4151,9
4152,9
4153,9
4154,9
4155,9
4156,9
4157,9
4158,9
4159,9
4160,9
4161,9
4162,9
4163,9
4164,9
4165,9
4166,9
4167,9
4168,9
4169,9
4170,9
4171,9
4172,9
4173,9
4174,9
4175,9
4176,9
4177,9
4178,9
4179,9
4180,9
4181,9
4182,9
4183,9
4184,9
4185,9
4186,9
4187,9
4188,9
4189,9
4190,9
4191,9
4192,9
4193,9
4194,9
4195,9
4196,9
4197,9
4198,9
4199,9
4200,9
4201,9
4202,9
4203,9
4204,9
4205,9
4206,9
4207,9
4208,9
4209,9
4210,9
4211,9
4212,9
4213,9
4214,9
4215,9
4216,9
4217,9
4218,9
4219,9
4220,9
4221,9
4222,9
4223,9
4224,9
4225,9
4226,9
4227,9
4228,9
4229,9
4230,9
4231,9
4232,9
4233,9
4234,9
4235,9
4236,9
4237,9
4238,9
4239,9
4240,9
4241,9
4242,9
4243,9
4244,9
4245,9
4246,9
4247,9
4248,9
4249,9
4250,9
4251,9
4252,9
4253,9
4254,9
4255,9
4256,9
4257,9
4258,9
4259,9
4260,9
4261,9
4262,9
4263,9
4264,9
4265,9
4266,9
4267,9
4268,9
4269,9
4270,9
4271,9
4272,9
4273,9
4274,9
4275,9
4276,9
4277,9
4278,9
4279,9
4280,9
4281,9
4282,9
4283,9
4284,9
4285,9
4286,9
4287,9
4288,9
4289,9
4290,9
4291,9
4292,9
4293,9
4294,9
4295,9
4296,9
4297,9
4298,9
4299,9
4300,9
4301,9
4302,9
4303,9
4304,9
4305,9
4306,9
4307,9
4308,9
4309,9
4310,9
4311,9
4312,9
4313,9
4314,9
4315,9
4316,9
4317,9
4318,9
4319,9
4320,9
4321,9
4322,9
4323,9
4324,9
4325,9
4326,9
4327,9
4328,9
4329,9
4330,9
4331,9
4332,9
4333,9
4334,9
4335,9
4336,9
4337,9
4338,9
4339,9
4340,9
4341,9
4342,9
4343,9
4344,9
4345,9
4346,9
4347,9
4348,9
4349,9
4350,9
4351,9
4352,9
4353,9
4354,9
4355,9
4356,9
4357,9
4358,9
4359,9
4360,9
4361,9
4362,9
4363,9
4364,9
4365,9
4366,9
4367,9
4368,9
4369,9
4370,9
4371,9
4372,9
4373,9
4374,9
4375,9
4376,9
4377,9
4378,9
4379,9
4380,9
4381,9
4382,9
4383,9
4384,9
4385,9
4386,9
4387,9
4388,9
4389,9
4390,9
4391,9
4392,9
4393,9
4394,9
4395,9
4396,9
4397,9
4398,9
4399,9
4400,9
4401,9
4402,9
4403,9
4404,9
4405,9
4406,9
4407,9
4408,9
4409,9
4410,9
4411,9
4412,9
4413,9
4414,9
4415,9
4416,9
4417,9
4418,9
4419,9
4420,9
4421,9
4422,9
4423,9
4424,9
4425,9
4426,9
4427,9
4428,9
4429,9
4430,9
4431,9
4432,9
4433,9
4434,9
4435,9
4436,9
4437,9
4438,9
4439,9
4440,9
4441,9
4442,9
4443,9
4444,9
4445,9
4446,9
4447,9
4448,9
4449,9
4450,9
4451,9
4452,9
4453,9
4454,9
4455,9
4456,9
4457,9
4458,9
4459,9
4460,9
4461,9
4462,9
4463,9
4464,9
4465,9
4466,9
4467,9
4468,9
4469,9
4470,9
4471,9
4472,9
4473,9
4474,9
4475,9
4476,9
4477,9
4478,9
4479,9
4480,9
4481,9
4482,9
4483,9
4484,9
4485,9
4486,9
4487,9
4488,9
4489,9
4490,9
4491,9
4492,9
4493,9
4494,9
4495,9
4496,9
4497,9
4498,9
4499,9
4500,9
4501,9
4502,9
4503,9
4504,9
4505,9
4506,9
4507,9
4508,9
4509,9
4510,9
4511,9
4512,9
4513,9
4514,9
4515,9
4516,9
4517,9
4518,9
4519,9
4520,9
4521,9
4522,9
4523,9
4524,9
4525,9
4526,9
4527,9
4528,9
4529,9
4530,9
4531,9
4532,9
4533,9
4534,9
4535,9
4536,9
4537,9
4538,9
4539,9
4540,9
4541,9
4542,9
4543,9
4544,9
4545,9
4546,9
4547,9
4548,9
4549,9
4550,9
4551,9
4552,9
5673,9
5674,9
5675,9
5676,9
5677,9
5678,9
5679,9
5680,9
5681,9
5682,9
5683,9
5684,9
5685,9
5686,9
5687,9
5688,9
5689,9
5690,9
5691,9
5692,9
5693,9
5694,9
5695,9
5696,9
5697,9
5698,9
5699,9
5700,9
5701,9
5702,9
5703,9
5704,9
5705,9
5706,9
5707,9
5708,9
5709,9
5847,9
5848,9
5849,9
5850,9
5851,9
5852,9
5853,9
5854,9
5855,9
5856,9
5857,9
5858,9
5859,9
5860,9
5861,9
5862,9
5863,9
5864,9
5865,9
5866,9
5867,9
5868,9
5869,9
5870,9
5871,9
5872,9
5873,9
5874,9
5875,9
5876,9
5877,9
5878,9
5879,9
5880,9
5881,9
5882,9
5883,9
5884,9
5885,9
5886,9
5887,9
5888,9
5889,9
5890,9
5891,9
5892,9
5893,9
5894,9
5895,9
5896,9
5897,9
5898,9
5899,9
5900,9
5901,9
5902,9
5903,9
5904,9
5905,9
5906,9
5907,9
5908,9
5909,9
5910,9
